
CREATE TABLE public.auth_group (
    id integer NOT NULL,
    name character varying(150) NOT NULL
);


ALTER TABLE public.auth_group OWNER TO postgres;

--
-- Name: auth_group_id_seq; Type: SEQUENCE; Schema: public; Owner: postgres
--

ALTER TABLE public.auth_group ALTER COLUMN id ADD GENERATED BY DEFAULT AS IDENTITY (
    SEQUENCE NAME public.auth_group_id_seq
    START WITH 1
    INCREMENT BY 1
    NO MINVALUE
    NO MAXVALUE
    CACHE 1
);


--
-- Name: auth_group_permissions; Type: TABLE; Schema: public; Owner: postgres
--

CREATE TABLE public.auth_group_permissions (
    id bigint NOT NULL,
    group_id integer NOT NULL,
    permission_id integer NOT NULL
);


ALTER TABLE public.auth_group_permissions OWNER TO postgres;

--
-- Name: auth_group_permissions_id_seq; Type: SEQUENCE; Schema: public; Owner: postgres
--

ALTER TABLE public.auth_group_permissions ALTER COLUMN id ADD GENERATED BY DEFAULT AS IDENTITY (
    SEQUENCE NAME public.auth_group_permissions_id_seq
    START WITH 1
    INCREMENT BY 1
    NO MINVALUE
    NO MAXVALUE
    CACHE 1
);


--
-- Name: auth_permission; Type: TABLE; Schema: public; Owner: postgres
--

CREATE TABLE public.auth_permission (
    id integer NOT NULL,
    name character varying(255) NOT NULL,
    content_type_id integer NOT NULL,
    codename character varying(100) NOT NULL
);


ALTER TABLE public.auth_permission OWNER TO postgres;

--
-- Name: auth_permission_id_seq; Type: SEQUENCE; Schema: public; Owner: postgres
--

ALTER TABLE public.auth_permission ALTER COLUMN id ADD GENERATED BY DEFAULT AS IDENTITY (
    SEQUENCE NAME public.auth_permission_id_seq
    START WITH 1
    INCREMENT BY 1
    NO MINVALUE
    NO MAXVALUE
    CACHE 1
);


--
-- Name: auth_user; Type: TABLE; Schema: public; Owner: postgres
--

CREATE TABLE public.auth_user (
    id integer NOT NULL,
    password character varying(128) NOT NULL,
    last_login timestamp with time zone,
    is_superuser boolean NOT NULL,
    username character varying(150) NOT NULL,
    first_name character varying(150) NOT NULL,
    last_name character varying(150) NOT NULL,
    email character varying(254) NOT NULL,
    is_staff boolean NOT NULL,
    is_active boolean NOT NULL,
    date_joined timestamp with time zone NOT NULL
);


ALTER TABLE public.auth_user OWNER TO postgres;

--
-- Name: auth_user_groups; Type: TABLE; Schema: public; Owner: postgres
--

CREATE TABLE public.auth_user_groups (
    id bigint NOT NULL,
    user_id integer NOT NULL,
    group_id integer NOT NULL
);


ALTER TABLE public.auth_user_groups OWNER TO postgres;

--
-- Name: auth_user_groups_id_seq; Type: SEQUENCE; Schema: public; Owner: postgres
--

ALTER TABLE public.auth_user_groups ALTER COLUMN id ADD GENERATED BY DEFAULT AS IDENTITY (
    SEQUENCE NAME public.auth_user_groups_id_seq
    START WITH 1
    INCREMENT BY 1
    NO MINVALUE
    NO MAXVALUE
    CACHE 1
);


--
-- Name: auth_user_id_seq; Type: SEQUENCE; Schema: public; Owner: postgres
--

ALTER TABLE public.auth_user ALTER COLUMN id ADD GENERATED BY DEFAULT AS IDENTITY (
    SEQUENCE NAME public.auth_user_id_seq
    START WITH 1
    INCREMENT BY 1
    NO MINVALUE
    NO MAXVALUE
    CACHE 1
);


--
-- Name: auth_user_user_permissions; Type: TABLE; Schema: public; Owner: postgres
--

CREATE TABLE public.auth_user_user_permissions (
    id bigint NOT NULL,
    user_id integer NOT NULL,
    permission_id integer NOT NULL
);


ALTER TABLE public.auth_user_user_permissions OWNER TO postgres;

--
-- Name: auth_user_user_permissions_id_seq; Type: SEQUENCE; Schema: public; Owner: postgres
--

ALTER TABLE public.auth_user_user_permissions ALTER COLUMN id ADD GENERATED BY DEFAULT AS IDENTITY (
    SEQUENCE NAME public.auth_user_user_permissions_id_seq
    START WITH 1
    INCREMENT BY 1
    NO MINVALUE
    NO MAXVALUE
    CACHE 1
);


--
-- Name: django_admin_log; Type: TABLE; Schema: public; Owner: postgres
--

CREATE TABLE public.django_admin_log (
    id integer NOT NULL,
    action_time timestamp with time zone NOT NULL,
    object_id text,
    object_repr character varying(200) NOT NULL,
    action_flag smallint NOT NULL,
    change_message text NOT NULL,
    content_type_id integer,
    user_id integer NOT NULL,
    CONSTRAINT django_admin_log_action_flag_check CHECK ((action_flag >= 0))
);


ALTER TABLE public.django_admin_log OWNER TO postgres;

--
-- Name: django_admin_log_id_seq; Type: SEQUENCE; Schema: public; Owner: postgres
--

ALTER TABLE public.django_admin_log ALTER COLUMN id ADD GENERATED BY DEFAULT AS IDENTITY (
    SEQUENCE NAME public.django_admin_log_id_seq
    START WITH 1
    INCREMENT BY 1
    NO MINVALUE
    NO MAXVALUE
    CACHE 1
);


--
-- Name: django_content_type; Type: TABLE; Schema: public; Owner: postgres
--

CREATE TABLE public.django_content_type (
    id integer NOT NULL,
    app_label character varying(100) NOT NULL,
    model character varying(100) NOT NULL
);


ALTER TABLE public.django_content_type OWNER TO postgres;

--
-- Name: django_content_type_id_seq; Type: SEQUENCE; Schema: public; Owner: postgres
--

ALTER TABLE public.django_content_type ALTER COLUMN id ADD GENERATED BY DEFAULT AS IDENTITY (
    SEQUENCE NAME public.django_content_type_id_seq
    START WITH 1
    INCREMENT BY 1
    NO MINVALUE
    NO MAXVALUE
    CACHE 1
);


--
-- Name: django_migrations; Type: TABLE; Schema: public; Owner: postgres
--

CREATE TABLE public.django_migrations (
    id bigint NOT NULL,
    app character varying(255) NOT NULL,
    name character varying(255) NOT NULL,
    applied timestamp with time zone NOT NULL
);


ALTER TABLE public.django_migrations OWNER TO postgres;

--
-- Name: django_migrations_id_seq; Type: SEQUENCE; Schema: public; Owner: postgres
--

ALTER TABLE public.django_migrations ALTER COLUMN id ADD GENERATED BY DEFAULT AS IDENTITY (
    SEQUENCE NAME public.django_migrations_id_seq
    START WITH 1
    INCREMENT BY 1
    NO MINVALUE
    NO MAXVALUE
    CACHE 1
);


--
-- Name: django_session; Type: TABLE; Schema: public; Owner: postgres
--

CREATE TABLE public.django_session (
    session_key character varying(40) NOT NULL,
    session_data text NOT NULL,
    expire_date timestamp with time zone NOT NULL
);


ALTER TABLE public.django_session OWNER TO postgres;

--
-- Name: users_student; Type: TABLE; Schema: public; Owner: postgres
--

CREATE TABLE public.users_student (
    id bigint NOT NULL,
    career_id bigint NOT NULL,
    user_id integer NOT NULL
);


ALTER TABLE public.users_student OWNER TO postgres;

--
-- Name: users_student_id_seq; Type: SEQUENCE; Schema: public; Owner: postgres
--

ALTER TABLE public.users_student ALTER COLUMN id ADD GENERATED BY DEFAULT AS IDENTITY (
    SEQUENCE NAME public.users_student_id_seq
    START WITH 1
    INCREMENT BY 1
    NO MINVALUE
    NO MAXVALUE
    CACHE 1
);


--
-- Name: users_teacher; Type: TABLE; Schema: public; Owner: postgres
--

CREATE TABLE public.users_teacher (
    id bigint NOT NULL,
    specialization character varying(100) NOT NULL,
    user_id integer NOT NULL
);


ALTER TABLE public.users_teacher OWNER TO postgres;

--
-- Name: users_teacher_id_seq; Type: SEQUENCE; Schema: public; Owner: postgres
--

ALTER TABLE public.users_teacher ALTER COLUMN id ADD GENERATED BY DEFAULT AS IDENTITY (
    SEQUENCE NAME public.users_teacher_id_seq
    START WITH 1
    INCREMENT BY 1
    NO MINVALUE
    NO MAXVALUE
    CACHE 1
);


--
-- Name: wellness_assistance; Type: TABLE; Schema: public; Owner: postgres
--

CREATE TABLE public.wellness_assistance (
    id bigint NOT NULL,
    date_assistance date NOT NULL,
    program_id bigint NOT NULL,
    student_id bigint NOT NULL
);


ALTER TABLE public.wellness_assistance OWNER TO postgres;

--
-- Name: wellness_assistance_id_seq; Type: SEQUENCE; Schema: public; Owner: postgres
--

ALTER TABLE public.wellness_assistance ALTER COLUMN id ADD GENERATED BY DEFAULT AS IDENTITY (
    SEQUENCE NAME public.wellness_assistance_id_seq
    START WITH 1
    INCREMENT BY 1
    NO MINVALUE
    NO MAXVALUE
    CACHE 1
);


--
-- Name: wellness_career; Type: TABLE; Schema: public; Owner: postgres
--

CREATE TABLE public.wellness_career (
    id bigint NOT NULL,
    name character varying(150) NOT NULL,
    faculty_id bigint NOT NULL
);


ALTER TABLE public.wellness_career OWNER TO postgres;

--
-- Name: wellness_career_id_seq; Type: SEQUENCE; Schema: public; Owner: postgres
--

ALTER TABLE public.wellness_career ALTER COLUMN id ADD GENERATED BY DEFAULT AS IDENTITY (
    SEQUENCE NAME public.wellness_career_id_seq
    START WITH 1
    INCREMENT BY 1
    NO MINVALUE
    NO MAXVALUE
    CACHE 1
);


--
-- Name: wellness_faculty; Type: TABLE; Schema: public; Owner: postgres
--

CREATE TABLE public.wellness_faculty (
    id bigint NOT NULL,
    name character varying(150) NOT NULL
);


ALTER TABLE public.wellness_faculty OWNER TO postgres;

--
-- Name: wellness_faculty_id_seq; Type: SEQUENCE; Schema: public; Owner: postgres
--

ALTER TABLE public.wellness_faculty ALTER COLUMN id ADD GENERATED BY DEFAULT AS IDENTITY (
    SEQUENCE NAME public.wellness_faculty_id_seq
    START WITH 1
    INCREMENT BY 1
    NO MINVALUE
    NO MAXVALUE
    CACHE 1
);


--
-- Name: wellness_program; Type: TABLE; Schema: public; Owner: postgres
--

CREATE TABLE public.wellness_program (
    id bigint NOT NULL,
    name character varying(100) NOT NULL,
    description text NOT NULL,
    capacity integer NOT NULL,
    current_capacity_available integer,
    start_date date,
    final_data date,
    status boolean NOT NULL,
    image character varying(200) NOT NULL,
    activity character varying(3) NOT NULL,
    teacher_id bigint NOT NULL,
    slug character varying(50),
    CONSTRAINT wellness_program_capacity_check CHECK ((capacity >= 0)),
    CONSTRAINT wellness_program_current_capacity_available_check CHECK ((current_capacity_available >= 0))
);


ALTER TABLE public.wellness_program OWNER TO postgres;

--
-- Name: wellness_program_id_seq; Type: SEQUENCE; Schema: public; Owner: postgres
--

ALTER TABLE public.wellness_program ALTER COLUMN id ADD GENERATED BY DEFAULT AS IDENTITY (
    SEQUENCE NAME public.wellness_program_id_seq
    START WITH 1
    INCREMENT BY 1
    NO MINVALUE
    NO MAXVALUE
    CACHE 1
);


--
-- Name: wellness_program_students; Type: TABLE; Schema: public; Owner: postgres
--

CREATE TABLE public.wellness_program_students (
    id bigint NOT NULL,
    program_id bigint NOT NULL,
    student_id bigint NOT NULL
);


ALTER TABLE public.wellness_program_students OWNER TO postgres;

--
-- Name: wellness_program_students_id_seq; Type: SEQUENCE; Schema: public; Owner: postgres
--

ALTER TABLE public.wellness_program_students ALTER COLUMN id ADD GENERATED BY DEFAULT AS IDENTITY (
    SEQUENCE NAME public.wellness_program_students_id_seq
    START WITH 1
    INCREMENT BY 1
    NO MINVALUE
    NO MAXVALUE
    CACHE 1
);


--
-- Name: wellness_schedule; Type: TABLE; Schema: public; Owner: postgres
--

CREATE TABLE public.wellness_schedule (
    id bigint NOT NULL,
    day character varying(3) NOT NULL,
    start_time time without time zone NOT NULL,
    final_time time without time zone NOT NULL,
    program_id bigint NOT NULL
);


ALTER TABLE public.wellness_schedule OWNER TO postgres;

--
-- Name: wellness_schedule_id_seq; Type: SEQUENCE; Schema: public; Owner: postgres
--

ALTER TABLE public.wellness_schedule ALTER COLUMN id ADD GENERATED BY DEFAULT AS IDENTITY (
    SEQUENCE NAME public.wellness_schedule_id_seq
    START WITH 1
    INCREMENT BY 1
    NO MINVALUE
    NO MAXVALUE
    CACHE 1
);


--
-- Data for Name: auth_group; Type: TABLE DATA; Schema: public; Owner: postgres
--

COPY public.auth_group (id, name) FROM stdin;
\.


--
-- Data for Name: auth_group_permissions; Type: TABLE DATA; Schema: public; Owner: postgres
--

COPY public.auth_group_permissions (id, group_id, permission_id) FROM stdin;
\.


--
-- Data for Name: auth_permission; Type: TABLE DATA; Schema: public; Owner: postgres
--

COPY public.auth_permission (id, name, content_type_id, codename) FROM stdin;
1	Can add log entry	1	add_logentry
2	Can change log entry	1	change_logentry
3	Can delete log entry	1	delete_logentry
4	Can view log entry	1	view_logentry
5	Can add permission	2	add_permission
6	Can change permission	2	change_permission
7	Can delete permission	2	delete_permission
8	Can view permission	2	view_permission
9	Can add group	3	add_group
10	Can change group	3	change_group
11	Can delete group	3	delete_group
12	Can view group	3	view_group
13	Can add user	4	add_user
14	Can change user	4	change_user
15	Can delete user	4	delete_user
16	Can view user	4	view_user
17	Can add content type	5	add_contenttype
18	Can change content type	5	change_contenttype
19	Can delete content type	5	delete_contenttype
20	Can view content type	5	view_contenttype
21	Can add session	6	add_session
22	Can change session	6	change_session
23	Can delete session	6	delete_session
24	Can view session	6	view_session
25	Can add Estudiante	7	add_student
26	Can change Estudiante	7	change_student
27	Can delete Estudiante	7	delete_student
28	Can view Estudiante	7	view_student
29	Can add Docente	8	add_teacher
30	Can change Docente	8	change_teacher
31	Can delete Docente	8	delete_teacher
32	Can view Docente	8	view_teacher
33	Can add Facultad	9	add_faculty
34	Can change Facultad	9	change_faculty
35	Can delete Facultad	9	delete_faculty
36	Can view Facultad	9	view_faculty
37	Can add Programa	10	add_program
38	Can change Programa	10	change_program
39	Can delete Programa	10	delete_program
40	Can view Programa	10	view_program
41	Can add Horario	11	add_schedule
42	Can change Horario	11	change_schedule
43	Can delete Horario	11	delete_schedule
44	Can view Horario	11	view_schedule
45	Can add Carrera	12	add_career
46	Can change Carrera	12	change_career
47	Can delete Carrera	12	delete_career
48	Can view Carrera	12	view_career
49	Can add Asistencia	13	add_assistance
50	Can change Asistencia	13	change_assistance
51	Can delete Asistencia	13	delete_assistance
52	Can view Asistencia	13	view_assistance
\.


--
-- Data for Name: auth_user; Type: TABLE DATA; Schema: public; Owner: postgres
--

COPY public.auth_user (id, password, last_login, is_superuser, username, first_name, last_name, email, is_staff, is_active, date_joined) FROM stdin;
2	pbkdf2_sha256$390000$ic7VZEGMXO8NsS6gQKOdYk$H74FyybRju+MrnWjaaENeAZnpz2w6a0XlPkc9FNxIms=	\N	f	rumbaerobicos	Andrea	Guzmán	rumbaerobicos@poligran.edu.co	f	t	2022-09-30 03:21:27+00
3	pbkdf2_sha256$390000$UDFezYIRyYud1PtoqeVlXj$tx9g4dBDkZpMP60qJT0fi1jNqHd8vziDiQlXO+WEt0A=	\N	f	yoga	Derly	Prada	yoga@poligran.edu.co	f	t	2022-09-30 03:26:05+00
4	pbkdf2_sha256$390000$AkxFoXfnuRAm6jK0Muhro2$3lWzmB4UNkX2zXONPbV3bOXbIVw19JAYHImE3YW5e7s=	\N	f	TENIS	Fernando	Suárez	tennis@poligran.edu.co	f	t	2022-09-30 03:26:40+00
5	pbkdf2_sha256$390000$IszlgrotAhI9gdDAme9Byn$Sg5C51YCxYiZ+9/MPvd6ns7NpXahrhUkH8C8ifoa3SE=	\N	f	escalada	Álvaro	Castillo Carvajal	escalada@poligran.edu.co	f	t	2022-09-30 03:27:25+00
6	pbkdf2_sha256$390000$wj9wuGUr41MrBirhCJp6Pw$LZsxuF4plE6/XKVCl6Ba8u4sIa3UnzNg0WWLLlqUGyg=	\N	f	FÚTBOLSALA	Andrés	Rocha	futbolsala@poligran.edu.co	f	t	2022-09-30 03:28:28+00
7	pbkdf2_sha256$390000$En67QRKEThniaHI14HHzs6$lNT8YfP6QZb0EZNxaf5kYrJKlqjjXWcXs+GPz2628Bo=	\N	f	baloncesto	Oswaldo	Díaz	baloncesto@poligran.edu.co	f	t	2022-09-30 03:29:28+00
8	pbkdf2_sha256$390000$DNQxpvcBduuOBK7bz03Klq$xaFbopRTfE8wie8O062U01SH32gyaofItgM0cT+C3o4=	\N	f	futbolcampo	Andres	Rocha	futbolcampo@poligran.edu.co	f	t	2022-09-30 03:30:11+00
9	pbkdf2_sha256$390000$wdixV3RMXgGApABDDK5XgA$70rI7LZXnCj/O4SCwFyPqRom86XoQn/qBJAMnQX/6lA=	\N	f	voleibol	Rogers Alberto	Cueto	voleibol@poligran.edu.co	f	t	2022-09-30 03:30:46+00
10	pbkdf2_sha256$390000$kCby1jDe8gGJnhhtmLEucA$2NC3ieJEqMedtUwmadUkg4/6wT8CF05ctKR8NiOaxjk=	\N	f	gimnasio	Daniel	Medina	gimnasio@poli.edu.co	f	t	2022-09-30 03:31:21+00
11	pbkdf2_sha256$390000$jcnAPuldAuu5H8wKnuPcOs$MMI9Ad1MRurly84X+wEoGPjBckKFXMiJDPbmzgcsPTQ=	\N	f	tenismesa	Fernando	Suarez	tenismesa@poligran.edu.co	f	t	2022-09-30 03:33:37+00
1	pbkdf2_sha256$390000$m5PHIrhSgmhFaxzGm6Gq4j$qcT2y+LW6YNmp/uxj5rK4L3AFjuVFlFHvu5NnWJzK8E=	2022-10-07 03:53:58.418995+00	t	admin	Stephen	Alarcón	admin@admin.com	t	t	2022-09-27 18:20:30+00
\.


--
-- Data for Name: auth_user_groups; Type: TABLE DATA; Schema: public; Owner: postgres
--

COPY public.auth_user_groups (id, user_id, group_id) FROM stdin;
\.


--
-- Data for Name: auth_user_user_permissions; Type: TABLE DATA; Schema: public; Owner: postgres
--

COPY public.auth_user_user_permissions (id, user_id, permission_id) FROM stdin;
\.


--
-- Data for Name: django_admin_log; Type: TABLE DATA; Schema: public; Owner: postgres
--

COPY public.django_admin_log (id, action_time, object_id, object_repr, action_flag, change_message, content_type_id, user_id) FROM stdin;
1	2022-09-30 03:21:27.506941+00	2	profesor1	1	[{"added": {}}]	4	1
2	2022-09-30 03:25:43.300017+00	2	rumbaerobicos	2	[{"changed": {"fields": ["Username", "First name", "Last name", "Email address"]}}]	4	1
3	2022-09-30 03:26:05.386592+00	3	yoga	1	[{"added": {}}]	4	1
4	2022-09-30 03:26:27.121033+00	3	yoga	2	[{"changed": {"fields": ["First name", "Last name", "Email address"]}}]	4	1
5	2022-09-30 03:26:41.082695+00	4	TENIS	1	[{"added": {}}]	4	1
6	2022-09-30 03:27:06.493838+00	4	TENIS	2	[{"changed": {"fields": ["First name", "Last name", "Email address"]}}]	4	1
7	2022-09-30 03:27:25.35112+00	5	escalada	1	[{"added": {}}]	4	1
8	2022-09-30 03:27:53.870808+00	5	escalada	2	[{"changed": {"fields": ["First name", "Last name", "Email address"]}}]	4	1
9	2022-09-30 03:28:28.965254+00	6	FÚTBOLSALA	1	[{"added": {}}]	4	1
10	2022-09-30 03:28:55.204686+00	6	FÚTBOLSALA	2	[{"changed": {"fields": ["First name", "Last name", "Email address"]}}]	4	1
11	2022-09-30 03:29:28.348307+00	7	baloncesto	1	[{"added": {}}]	4	1
12	2022-09-30 03:29:50.973914+00	7	baloncesto	2	[{"changed": {"fields": ["First name", "Last name", "Email address"]}}]	4	1
13	2022-09-30 03:30:12.003286+00	8	futbolcampo	1	[{"added": {}}]	4	1
14	2022-09-30 03:30:32.959483+00	8	futbolcampo	2	[{"changed": {"fields": ["First name", "Last name", "Email address"]}}]	4	1
15	2022-09-30 03:30:46.446707+00	9	voleibol	1	[{"added": {}}]	4	1
16	2022-09-30 03:31:06.999638+00	9	voleibol	2	[{"changed": {"fields": ["First name", "Last name", "Email address"]}}]	4	1
17	2022-09-30 03:31:21.387965+00	10	gimnasio	1	[{"added": {}}]	4	1
18	2022-09-30 03:32:40.106805+00	10	gimnasio	2	[{"changed": {"fields": ["First name", "Last name", "Email address"]}}]	4	1
19	2022-09-30 03:33:37.578199+00	11	tenismesa	1	[{"added": {}}]	4	1
20	2022-09-30 03:33:52.674995+00	11	tenismesa	2	[{"changed": {"fields": ["First name", "Last name", "Email address"]}}]	4	1
21	2022-09-30 03:34:50.184384+00	1	Oswaldo Díaz - Maestría en Entrenamiento Deportivo en Baloncesto	1	[{"added": {}}]	8	1
22	2022-09-30 03:35:15.557858+00	2	Álvaro Castillo Carvajal - Maestría en escalada deportiva	1	[{"added": {}}]	8	1
23	2022-09-30 03:35:33.622944+00	3	Andres Rocha - Especialización en Fútbol	1	[{"added": {}}]	8	1
24	2022-09-30 03:35:50.159922+00	4	Andrés Rocha - Especialización en Fútbol Sala	1	[{"added": {}}]	8	1
25	2022-09-30 03:36:09.68985+00	5	Daniel Medina - Especializaciones en Entrenamiento Personal	1	[{"added": {}}]	8	1
26	2022-09-30 03:36:43.170127+00	6	Andrea Guzmán - Curso Básico de Rumba Aeróbica	1	[{"added": {}}]	8	1
27	2022-09-30 03:37:08.951962+00	7	Fernando Suárez - Especialización deportiva en tenis	1	[{"added": {}}]	8	1
28	2022-09-30 03:37:22.377802+00	8	Fernando Suarez - Especialización deportiva en tenis mesa	1	[{"added": {}}]	8	1
29	2022-09-30 03:37:37.404801+00	9	Rogers Alberto Cueto - ESPECIALIZACIÓN DEPORTIVA EN VOLEIBOL	1	[{"added": {}}]	8	1
30	2022-09-30 03:37:56.324733+00	10	Derly Prada - Maestría en Yoga Terapéutico	1	[{"added": {}}]	8	1
31	2022-09-30 03:39:45.036516+00	1	FACULTAD DE INGENIERÍA, DISEÑO E INNOVACIÓN	1	[{"added": {}}]	9	1
32	2022-09-30 03:40:00.061094+00	2	FACULTAD DE SOCIEDAD, CULTURA Y CREATIVIDAD	1	[{"added": {}}]	9	1
33	2022-09-30 03:40:14.463593+00	3	FACULTAD NEGOCIOS, GESTIÓN Y SOSTENIBILIDAD	1	[{"added": {}}]	9	1
34	2022-09-30 03:41:04.061286+00	1	INGENIERÍA DE SISTEMAS - BOGOTÁ	1	[{"added": {}}]	12	1
35	2022-09-30 03:41:22.57679+00	1	admin	2	[{"changed": {"fields": ["First name", "Last name"]}}]	4	1
36	2022-09-30 03:41:23.668922+00	1	Stephen Alarcón	1	[{"added": {}}]	7	1
37	2022-09-30 03:46:39.86461+00	1	FÚTBOL CAMPO - Duración: None hasta None - Cupo actual: 0 - Estudiantes: 0	1	[{"added": {}}]	10	1
38	2022-09-30 04:43:21.930201+00	2	RUMBA AERÓBICA - Duración: None hasta None - Cupo actual: 0 - Estudiantes: 0	1	[{"added": {}}]	10	1
39	2022-09-30 04:44:05.418328+00	3	YOGA (PRESENCIAL/VIRTUAL) Y PILATES (SÓLO PRESENCIAL) - Duración: None hasta None - Cupo actual: 0 - Estudiantes: 0	1	[{"added": {}}]	10	1
40	2022-09-30 04:44:42.26187+00	3	YOGA Y PILATES - Duración: None hasta None - Cupo actual: 0 - Estudiantes: 0	2	[{"changed": {"fields": ["Nombre del programa"]}}]	10	1
41	2022-09-30 04:45:35.998876+00	4	TENIS - Duración: None hasta None - Cupo actual: 0 - Estudiantes: 0	1	[{"added": {}}]	10	1
42	2022-09-30 04:46:10.837371+00	5	ESCALADA - Duración: None hasta None - Cupo actual: 0 - Estudiantes: 0	1	[{"added": {}}]	10	1
43	2022-09-30 04:46:37.723152+00	6	FÚTBOL SALA - Duración: None hasta None - Cupo actual: 0 - Estudiantes: 0	1	[{"added": {}}]	10	1
44	2022-09-30 04:47:03.913698+00	7	BALONCESTO - Duración: None hasta None - Cupo actual: 0 - Estudiantes: 0	1	[{"added": {}}]	10	1
45	2022-09-30 04:47:26.651543+00	8	FÚTBOL CAMPO - Duración: None hasta None - Cupo actual: 0 - Estudiantes: 0	1	[{"added": {}}]	10	1
46	2022-09-30 04:47:50.9674+00	9	VOLEIBOL - Duración: None hasta None - Cupo actual: 0 - Estudiantes: 0	1	[{"added": {}}]	10	1
47	2022-09-30 04:48:16.340642+00	10	GIMNASIO - Duración: None hasta None - Cupo actual: 0 - Estudiantes: 0	1	[{"added": {}}]	10	1
48	2022-09-30 04:48:56.312026+00	11	TENIS DE MESA - Duración: None hasta None - Cupo actual: 0 - Estudiantes: 0	1	[{"added": {}}]	10	1
49	2022-09-30 04:51:50.231904+00	8	FÚTBOL CAMPO - Duración: None hasta None - Cupo actual: 0 - Estudiantes: 0	3		10	1
50	2022-09-30 14:52:12.618884+00	1	FÚTBOL CAMPO - Duración: None hasta None - Cupo actual: 0 - Estudiantes: 0	2	[]	10	1
51	2022-09-30 14:53:51.216656+00	1	FÚTBOL CAMPO - Duración: None hasta None - Cupo actual: 0 - Estudiantes: 0	2	[]	10	1
52	2022-09-30 15:17:33.228914+00	11	TENIS DE MESA - Duración: None hasta None - Cupo actual: 0 - Estudiantes: 0	2	[]	10	1
53	2022-09-30 15:17:37.272992+00	10	GIMNASIO - Duración: None hasta None - Cupo actual: 0 - Estudiantes: 0	2	[]	10	1
54	2022-09-30 15:17:40.036306+00	9	VOLEIBOL - Duración: None hasta None - Cupo actual: 0 - Estudiantes: 0	2	[]	10	1
55	2022-09-30 15:17:43.686769+00	7	BALONCESTO - Duración: None hasta None - Cupo actual: 0 - Estudiantes: 0	2	[]	10	1
56	2022-09-30 15:18:01.545129+00	6	FÚTBOL SALA - Duración: None hasta None - Cupo actual: 0 - Estudiantes: 0	2	[]	10	1
57	2022-09-30 15:18:04.572675+00	5	ESCALADA - Duración: None hasta None - Cupo actual: 0 - Estudiantes: 0	2	[]	10	1
58	2022-09-30 15:18:09.223465+00	4	TENIS - Duración: None hasta None - Cupo actual: 0 - Estudiantes: 0	2	[]	10	1
59	2022-09-30 15:18:12.296248+00	3	YOGA Y PILATES - Duración: None hasta None - Cupo actual: 0 - Estudiantes: 0	2	[]	10	1
60	2022-09-30 15:18:14.951222+00	2	RUMBA AERÓBICA - Duración: None hasta None - Cupo actual: 0 - Estudiantes: 0	2	[]	10	1
61	2022-09-30 16:11:59.10959+00	1	FÚTBOL CAMPO - Duración: None hasta None - Cupo actual: 100 - Estudiantes: 0	2	[{"changed": {"fields": ["Cupo actual disponible del programa"]}}]	10	1
62	2022-09-30 16:21:02.205768+00	1	FÚTBOL CAMPO - Duración: 2022-09-01 hasta 2022-09-30 - Cupo actual: 100 - Estudiantes: 0	2	[{"changed": {"fields": ["Fecha inicio del programa", "Fecha inicio del programa", "Estado del programa"]}}]	10	1
63	2022-10-07 03:36:42.058908+00	1	Programa: FÚTBOL CAMPO - Día: Mon 06:00:00/07:00:00 - 	1	[{"added": {}}]	11	1
64	2022-10-07 04:18:43.22414+00	1	FÚTBOL CAMPO - Duración: 2022-10-01 hasta 2022-10-31 - Cupo actual: 100 - Estudiantes: 0	2	[{"changed": {"fields": ["Fecha inicio del programa", "Fecha inicio del programa", "Estado del programa"]}}]	10	1
65	2022-10-07 04:20:33.553983+00	1	Programa: FÚTBOL CAMPO - Día: 1 06:00:00/07:00:00 - 	2	[{"changed": {"fields": ["D\\u00eda de la clase"]}}]	11	1
66	2022-10-07 04:28:25.618743+00	1	Programa: FÚTBOL CAMPO - Día: 2 06:00:00/07:00:00 - 	2	[{"changed": {"fields": ["D\\u00eda de la clase"]}}]	11	1
67	2022-10-07 04:28:43.373121+00	1	Programa: FÚTBOL CAMPO - Día: 2 08:00:00/09:00:00 - 	2	[{"changed": {"fields": ["Hora inicio clase", "Hora final clase"]}}]	11	1
68	2022-10-07 04:38:35.402887+00	1	Programa: FÚTBOL CAMPO - Día: Mon 06:00:00/07:00:00 - 	2	[{"changed": {"fields": ["D\\u00eda de la clase", "Hora inicio clase", "Hora final clase"]}}]	11	1
69	2022-10-07 04:40:31.619331+00	1	Programa: FÚTBOL CAMPO - Día: 1 06:00:00/07:00:00 - 	2	[{"changed": {"fields": ["D\\u00eda de la clase"]}}]	11	1
70	2022-10-07 04:47:24.803083+00	1	FÚTBOL CAMPO - Duración: 2022-10-01 hasta 2022-10-30 - Cupo actual: 100 - Estudiantes: 0	2	[{"changed": {"fields": ["Fecha inicio del programa"]}}]	10	1
71	2022-10-07 04:47:38.171596+00	1	Programa: FÚTBOL CAMPO - Día: 0 06:00:00/07:00:00 - 	2	[{"changed": {"fields": ["D\\u00eda de la clase"]}}]	11	1
72	2022-10-07 04:48:17.907708+00	1	FÚTBOL CAMPO - Duración: 2022-10-01 hasta 2022-11-30 - Cupo actual: 100 - Estudiantes: 0	2	[{"changed": {"fields": ["Fecha inicio del programa"]}}]	10	1
73	2022-10-07 04:48:41.700658+00	1	Programa: FÚTBOL CAMPO - Día: 3 06:00:00/07:00:00 - 	2	[{"changed": {"fields": ["D\\u00eda de la clase"]}}]	11	1
74	2022-10-07 04:49:05.357054+00	1	FÚTBOL CAMPO - Duración: 2022-10-01 hasta 2022-12-01 - Cupo actual: 100 - Estudiantes: 0	2	[{"changed": {"fields": ["Fecha inicio del programa"]}}]	10	1
\.


--
-- Data for Name: django_content_type; Type: TABLE DATA; Schema: public; Owner: postgres
--

COPY public.django_content_type (id, app_label, model) FROM stdin;
1	admin	logentry
2	auth	permission
3	auth	group
4	auth	user
5	contenttypes	contenttype
6	sessions	session
7	users	student
8	users	teacher
9	wellness	faculty
10	wellness	program
11	wellness	schedule
12	wellness	career
13	wellness	assistance
\.


--
-- Data for Name: django_migrations; Type: TABLE DATA; Schema: public; Owner: postgres
--

COPY public.django_migrations (id, app, name, applied) FROM stdin;
1	contenttypes	0001_initial	2022-09-27 18:20:16.954424+00
2	auth	0001_initial	2022-09-27 18:20:17.064371+00
3	admin	0001_initial	2022-09-27 18:20:17.09741+00
4	admin	0002_logentry_remove_auto_add	2022-09-27 18:20:17.110392+00
5	admin	0003_logentry_add_action_flag_choices	2022-09-27 18:20:17.123716+00
6	contenttypes	0002_remove_content_type_name	2022-09-27 18:20:17.145168+00
7	auth	0002_alter_permission_name_max_length	2022-09-27 18:20:17.158706+00
8	auth	0003_alter_user_email_max_length	2022-09-27 18:20:17.172105+00
9	auth	0004_alter_user_username_opts	2022-09-27 18:20:17.183285+00
10	auth	0005_alter_user_last_login_null	2022-09-27 18:20:17.194405+00
11	auth	0006_require_contenttypes_0002	2022-09-27 18:20:17.198878+00
12	auth	0007_alter_validators_add_error_messages	2022-09-27 18:20:17.20942+00
13	auth	0008_alter_user_username_max_length	2022-09-27 18:20:17.227035+00
14	auth	0009_alter_user_last_name_max_length	2022-09-27 18:20:17.238284+00
15	auth	0010_alter_group_name_max_length	2022-09-27 18:20:17.250766+00
16	auth	0011_update_proxy_permissions	2022-09-27 18:20:17.265435+00
17	auth	0012_alter_user_first_name_max_length	2022-09-27 18:20:17.282832+00
18	sessions	0001_initial	2022-09-27 18:20:17.304779+00
19	users	0001_initial	2022-09-27 18:20:17.332722+00
20	wellness	0001_initial	2022-09-27 18:20:17.443672+00
21	users	0002_initial	2022-09-27 18:20:17.487283+00
22	wellness	0002_program_slug	2022-09-30 14:51:45.050306+00
23	users	0003_alter_student_career	2022-09-30 14:51:45.073964+00
24	wellness	0003_alter_schedule_day	2022-10-07 04:30:17.612121+00
\.


--
-- Data for Name: django_session; Type: TABLE DATA; Schema: public; Owner: postgres
--

COPY public.django_session (session_key, session_data, expire_date) FROM stdin;
fdxi001gurpjdw5zkvru3cwb17l4q86e	.eJxVjDsOwjAQBe_iGlnZdewAJT1niPbjxQEUS_lUiLtDpBTQvpl5L9fTupR-nfPUD-rODtzhd2OSRx43oHcab9VLHZdpYL8pfqezv1bNz8vu_h0Umsu3FmytFUzBgkE4oqpY7NAUOk5oIBIzSSTE0MQmnkTBLAETM7Scsnt_APWyOKU:1odFCD:0-Gzwg13hEEHjY9UwrkuQ0lhOTvpRT5jSrBPXEiSuqc	2022-10-11 18:20:41.638634+00
ikvyritutf28qw4qir9yvugwj7k575rf	.eJxVjDsOwjAQBe_iGlnZdewAJT1niPbjxQEUS_lUiLtDpBTQvpl5L9fTupR-nfPUD-rODtzhd2OSRx43oHcab9VLHZdpYL8pfqezv1bNz8vu_h0Umsu3FmytFUzBgkE4oqpY7NAUOk5oIBIzSSTE0MQmnkTBLAETM7Scsnt_APWyOKU:1ogdqK:B6Fiq8q2TBg5XAGZnHoqsBVAEfF4R56a7EGVmOTfBPk	2022-10-21 03:16:08.058645+00
gqyk4kfq28cxij2ro4q7kxjk2y6g0347	.eJxVjDsOwjAQBe_iGlnZdewAJT1niPbjxQEUS_lUiLtDpBTQvpl5L9fTupR-nfPUD-rODtzhd2OSRx43oHcab9VLHZdpYL8pfqezv1bNz8vu_h0Umsu3FmytFUzBgkE4oqpY7NAUOk5oIBIzSSTE0MQmnkTBLAETM7Scsnt_APWyOKU:1ogeQw:POIi6rNnWOriG9f6TlA5HYuZpGkcUDsEVv3BaV3Ixd4	2022-10-21 03:53:58.422806+00
\.


--
-- Data for Name: users_student; Type: TABLE DATA; Schema: public; Owner: postgres
--

COPY public.users_student (id, career_id, user_id) FROM stdin;
1	1	1
\.


--
-- Data for Name: users_teacher; Type: TABLE DATA; Schema: public; Owner: postgres
--

COPY public.users_teacher (id, specialization, user_id) FROM stdin;
1	Maestría en Entrenamiento Deportivo en Baloncesto	7
2	Maestría en escalada deportiva	5
3	Especialización en Fútbol	8
4	Especialización en Fútbol Sala	6
5	Especializaciones en Entrenamiento Personal	10
6	Curso Básico de Rumba Aeróbica	2
7	Especialización deportiva en tenis	4
8	Especialización deportiva en tenis mesa	11
9	ESPECIALIZACIÓN DEPORTIVA EN VOLEIBOL	9
10	Maestría en Yoga Terapéutico	3
\.


--
-- Data for Name: wellness_assistance; Type: TABLE DATA; Schema: public; Owner: postgres
--

COPY public.wellness_assistance (id, date_assistance, program_id, student_id) FROM stdin;
\.


--
-- Data for Name: wellness_career; Type: TABLE DATA; Schema: public; Owner: postgres
--

COPY public.wellness_career (id, name, faculty_id) FROM stdin;
1	INGENIERÍA DE SISTEMAS - BOGOTÁ	3
\.


--
-- Data for Name: wellness_faculty; Type: TABLE DATA; Schema: public; Owner: postgres
--

COPY public.wellness_faculty (id, name) FROM stdin;
1	FACULTAD DE INGENIERÍA, DISEÑO E INNOVACIÓN
2	FACULTAD DE SOCIEDAD, CULTURA Y CREATIVIDAD
3	FACULTAD NEGOCIOS, GESTIÓN Y SOSTENIBILIDAD
\.


--
-- Data for Name: wellness_program; Type: TABLE DATA; Schema: public; Owner: postgres
--

COPY public.wellness_program (id, name, description, capacity, current_capacity_available, start_date, final_data, status, image, activity, teacher_id, slug) FROM stdin;
11	TENIS DE MESA	El tenis de mesa es un deporte  que desarrolla la agilidad física y mental, que es fundamental en la formación integral de todo futuro profesional.	100	0	\N	\N	t	https://hotmart.s3.amazonaws.com/product_contents/0364bd58-10a4-4748-a469-5118f5727d75/ping.jpg	AD	8	tenis-de-mesa
10	GIMNASIO	Ofrece los servicios de salud preventiva para mejorar la calidad de vida. Contamos con instructores que brindan atención semi personalizada, dirigida e integral.	100	0	\N	\N	t	https://www.poli.edu.co/sites/default/files/styles/widget_image/public/1_gimnasio.jpg	AD	5	gimnasio
9	VOLEIBOL	El Poli busca a través del voleibol aportar en la formación integral del estudiante, partiendo de un nivel básico para finalmente llegar a un buen nivel competitivo y resaltar entre equipos.	100	0	\N	\N	t	https://www.poli.edu.co/sites/default/files/styles/widget_image/public/1_voleibol.jpg	AD	9	voleibol
7	BALONCESTO	El taller de baloncesto implica por sí mismo desarrollo de la flexibilidad, la fuerza, el equilibrio, la coordinación y ejecución de actividades a nivel grupal que estimulan la autoestima.	100	0	\N	\N	t	https://www.poli.edu.co/sites/default/files/styles/widget_image/public/1_baloncesto.jpg	AD	1	baloncesto
6	FÚTBOL SALA	Es un deporte de asociación, con oponente, mínimo contacto y móvil. Los jugadores precisan de una gran habilidad técnica y dominio sobre el balón, así como velocidad y precisión en la ejecución al recibir, pasar o realizar gestos técnicos.	100	0	\N	\N	t	https://www.poli.edu.co/sites/default/files/styles/widget_image/public/1_futbol_sala.jpg	AD	4	futbol-sala
5	ESCALADA	Actividad deportiva que consiste en realizar ascensos sobre paredes de fuerte pendiente, utilizando las extremidades inferiores y las extremidades superiores.	100	0	\N	\N	t	https://www.poli.edu.co/sites/default/files/styles/widget_image/public/1_escalada.jpg	AD	2	escalada
4	TENIS	El tenis es un deporte, en el cual se desarrollan una gran autoestima y confianza en sí mismo además de una actitud positiva hacia la actividad física y la salud.	100	0	\N	\N	t	https://www.poli.edu.co/sites/default/files/styles/widget_image/public/1_tenis.jpg	AD	7	tenis
3	YOGA Y PILATES	Dirigido a estudiantes en busca de mejorar su condición psicofísica, unificando cuerpo, mente y espíritu con el propósito de expandir su estado de conciencia favoreciendo su rendimiento académico, concentración, liberación de tensiones físicas y emocionales.	100	0	\N	\N	t	https://www.poli.edu.co/sites/default/files/styles/widget_image/public/1_yoga.jpg	AD	10	yoga-y-pilates
2	RUMBA AERÓBICA	Brindamos a los alumnos una clase amena y divertida, realizando movimientos aeróbicos de cadera, cintura y hombros donde se combinan diferentes ritmos musicales.	100	0	\N	\N	t	https://www.poli.edu.co/sites/default/files/styles/widget_image/public/rumba.png	AD	6	rumba-aerobica
1	FÚTBOL CAMPO	Es una de las disciplinas deportivas que contribuye a la formación integral de los futuros profesionales. Fomenta en nuestros estudiantes la concentración y el trabajo en equipo.	100	100	2022-10-01	2022-12-01	t	https://www.poli.edu.co/sites/default/files/styles/widget_image/public/1_futbol_campo.jpg	AD	3	futbol-campo
\.


--
-- Data for Name: wellness_program_students; Type: TABLE DATA; Schema: public; Owner: postgres
--

COPY public.wellness_program_students (id, program_id, student_id) FROM stdin;
\.


--
-- Data for Name: wellness_schedule; Type: TABLE DATA; Schema: public; Owner: postgres
--

COPY public.wellness_schedule (id, day, start_time, final_time, program_id) FROM stdin;
1	3	06:00:00	07:00:00	1
\.


--
-- Name: auth_group_id_seq; Type: SEQUENCE SET; Schema: public; Owner: postgres
--

SELECT pg_catalog.setval('public.auth_group_id_seq', 1, false);


--
-- Name: auth_group_permissions_id_seq; Type: SEQUENCE SET; Schema: public; Owner: postgres
--

SELECT pg_catalog.setval('public.auth_group_permissions_id_seq', 1, false);


--
-- Name: auth_permission_id_seq; Type: SEQUENCE SET; Schema: public; Owner: postgres
--

SELECT pg_catalog.setval('public.auth_permission_id_seq', 52, true);


--
-- Name: auth_user_groups_id_seq; Type: SEQUENCE SET; Schema: public; Owner: postgres
--

SELECT pg_catalog.setval('public.auth_user_groups_id_seq', 1, false);


--
-- Name: auth_user_id_seq; Type: SEQUENCE SET; Schema: public; Owner: postgres
--

SELECT pg_catalog.setval('public.auth_user_id_seq', 11, true);


--
-- Name: auth_user_user_permissions_id_seq; Type: SEQUENCE SET; Schema: public; Owner: postgres
--

SELECT pg_catalog.setval('public.auth_user_user_permissions_id_seq', 1, false);


--
-- Name: django_admin_log_id_seq; Type: SEQUENCE SET; Schema: public; Owner: postgres
--

SELECT pg_catalog.setval('public.django_admin_log_id_seq', 74, true);


--
-- Name: django_content_type_id_seq; Type: SEQUENCE SET; Schema: public; Owner: postgres
--

SELECT pg_catalog.setval('public.django_content_type_id_seq', 13, true);


--
-- Name: django_migrations_id_seq; Type: SEQUENCE SET; Schema: public; Owner: postgres
--

SELECT pg_catalog.setval('public.django_migrations_id_seq', 24, true);


--
-- Name: users_student_id_seq; Type: SEQUENCE SET; Schema: public; Owner: postgres
--

SELECT pg_catalog.setval('public.users_student_id_seq', 1, true);


--
-- Name: users_teacher_id_seq; Type: SEQUENCE SET; Schema: public; Owner: postgres
--

SELECT pg_catalog.setval('public.users_teacher_id_seq', 10, true);


--
-- Name: wellness_assistance_id_seq; Type: SEQUENCE SET; Schema: public; Owner: postgres
--

SELECT pg_catalog.setval('public.wellness_assistance_id_seq', 1, false);


--
-- Name: wellness_career_id_seq; Type: SEQUENCE SET; Schema: public; Owner: postgres
--

SELECT pg_catalog.setval('public.wellness_career_id_seq', 1, true);


--
-- Name: wellness_faculty_id_seq; Type: SEQUENCE SET; Schema: public; Owner: postgres
--

SELECT pg_catalog.setval('public.wellness_faculty_id_seq', 3, true);


--
-- Name: wellness_program_id_seq; Type: SEQUENCE SET; Schema: public; Owner: postgres
--

SELECT pg_catalog.setval('public.wellness_program_id_seq', 11, true);


--
-- Name: wellness_program_students_id_seq; Type: SEQUENCE SET; Schema: public; Owner: postgres
--

SELECT pg_catalog.setval('public.wellness_program_students_id_seq', 1, false);


--
-- Name: wellness_schedule_id_seq; Type: SEQUENCE SET; Schema: public; Owner: postgres
--

SELECT pg_catalog.setval('public.wellness_schedule_id_seq', 1, true);


--
-- Name: auth_group auth_group_name_key; Type: CONSTRAINT; Schema: public; Owner: postgres
--

ALTER TABLE ONLY public.auth_group
    ADD CONSTRAINT auth_group_name_key UNIQUE (name);


--
-- Name: auth_group_permissions auth_group_permissions_group_id_permission_id_0cd325b0_uniq; Type: CONSTRAINT; Schema: public; Owner: postgres
--

ALTER TABLE ONLY public.auth_group_permissions
    ADD CONSTRAINT auth_group_permissions_group_id_permission_id_0cd325b0_uniq UNIQUE (group_id, permission_id);


--
-- Name: auth_group_permissions auth_group_permissions_pkey; Type: CONSTRAINT; Schema: public; Owner: postgres
--

ALTER TABLE ONLY public.auth_group_permissions
    ADD CONSTRAINT auth_group_permissions_pkey PRIMARY KEY (id);


--
-- Name: auth_group auth_group_pkey; Type: CONSTRAINT; Schema: public; Owner: postgres
--

ALTER TABLE ONLY public.auth_group
    ADD CONSTRAINT auth_group_pkey PRIMARY KEY (id);


--
-- Name: auth_permission auth_permission_content_type_id_codename_01ab375a_uniq; Type: CONSTRAINT; Schema: public; Owner: postgres
--

ALTER TABLE ONLY public.auth_permission
    ADD CONSTRAINT auth_permission_content_type_id_codename_01ab375a_uniq UNIQUE (content_type_id, codename);


--
-- Name: auth_permission auth_permission_pkey; Type: CONSTRAINT; Schema: public; Owner: postgres
--

ALTER TABLE ONLY public.auth_permission
    ADD CONSTRAINT auth_permission_pkey PRIMARY KEY (id);


--
-- Name: auth_user_groups auth_user_groups_pkey; Type: CONSTRAINT; Schema: public; Owner: postgres
--

ALTER TABLE ONLY public.auth_user_groups
    ADD CONSTRAINT auth_user_groups_pkey PRIMARY KEY (id);


--
-- Name: auth_user_groups auth_user_groups_user_id_group_id_94350c0c_uniq; Type: CONSTRAINT; Schema: public; Owner: postgres
--

ALTER TABLE ONLY public.auth_user_groups
    ADD CONSTRAINT auth_user_groups_user_id_group_id_94350c0c_uniq UNIQUE (user_id, group_id);


--
-- Name: auth_user auth_user_pkey; Type: CONSTRAINT; Schema: public; Owner: postgres
--

ALTER TABLE ONLY public.auth_user
    ADD CONSTRAINT auth_user_pkey PRIMARY KEY (id);


--
-- Name: auth_user_user_permissions auth_user_user_permissions_pkey; Type: CONSTRAINT; Schema: public; Owner: postgres
--

ALTER TABLE ONLY public.auth_user_user_permissions
    ADD CONSTRAINT auth_user_user_permissions_pkey PRIMARY KEY (id);


--
-- Name: auth_user_user_permissions auth_user_user_permissions_user_id_permission_id_14a6b632_uniq; Type: CONSTRAINT; Schema: public; Owner: postgres
--

ALTER TABLE ONLY public.auth_user_user_permissions
    ADD CONSTRAINT auth_user_user_permissions_user_id_permission_id_14a6b632_uniq UNIQUE (user_id, permission_id);


--
-- Name: auth_user auth_user_username_key; Type: CONSTRAINT; Schema: public; Owner: postgres
--

ALTER TABLE ONLY public.auth_user
    ADD CONSTRAINT auth_user_username_key UNIQUE (username);


--
-- Name: django_admin_log django_admin_log_pkey; Type: CONSTRAINT; Schema: public; Owner: postgres
--

ALTER TABLE ONLY public.django_admin_log
    ADD CONSTRAINT django_admin_log_pkey PRIMARY KEY (id);


--
-- Name: django_content_type django_content_type_app_label_model_76bd3d3b_uniq; Type: CONSTRAINT; Schema: public; Owner: postgres
--

ALTER TABLE ONLY public.django_content_type
    ADD CONSTRAINT django_content_type_app_label_model_76bd3d3b_uniq UNIQUE (app_label, model);


--
-- Name: django_content_type django_content_type_pkey; Type: CONSTRAINT; Schema: public; Owner: postgres
--

ALTER TABLE ONLY public.django_content_type
    ADD CONSTRAINT django_content_type_pkey PRIMARY KEY (id);


--
-- Name: django_migrations django_migrations_pkey; Type: CONSTRAINT; Schema: public; Owner: postgres
--

ALTER TABLE ONLY public.django_migrations
    ADD CONSTRAINT django_migrations_pkey PRIMARY KEY (id);


--
-- Name: django_session django_session_pkey; Type: CONSTRAINT; Schema: public; Owner: postgres
--

ALTER TABLE ONLY public.django_session
    ADD CONSTRAINT django_session_pkey PRIMARY KEY (session_key);


--
-- Name: users_student users_student_pkey; Type: CONSTRAINT; Schema: public; Owner: postgres
--

ALTER TABLE ONLY public.users_student
    ADD CONSTRAINT users_student_pkey PRIMARY KEY (id);


--
-- Name: users_student users_student_user_id_key; Type: CONSTRAINT; Schema: public; Owner: postgres
--

ALTER TABLE ONLY public.users_student
    ADD CONSTRAINT users_student_user_id_key UNIQUE (user_id);


--
-- Name: users_teacher users_teacher_pkey; Type: CONSTRAINT; Schema: public; Owner: postgres
--

ALTER TABLE ONLY public.users_teacher
    ADD CONSTRAINT users_teacher_pkey PRIMARY KEY (id);


--
-- Name: users_teacher users_teacher_user_id_key; Type: CONSTRAINT; Schema: public; Owner: postgres
--

ALTER TABLE ONLY public.users_teacher
    ADD CONSTRAINT users_teacher_user_id_key UNIQUE (user_id);


--
-- Name: wellness_assistance wellness_assistance_pkey; Type: CONSTRAINT; Schema: public; Owner: postgres
--

ALTER TABLE ONLY public.wellness_assistance
    ADD CONSTRAINT wellness_assistance_pkey PRIMARY KEY (id);


--
-- Name: wellness_career wellness_career_pkey; Type: CONSTRAINT; Schema: public; Owner: postgres
--

ALTER TABLE ONLY public.wellness_career
    ADD CONSTRAINT wellness_career_pkey PRIMARY KEY (id);


--
-- Name: wellness_faculty wellness_faculty_pkey; Type: CONSTRAINT; Schema: public; Owner: postgres
--

ALTER TABLE ONLY public.wellness_faculty
    ADD CONSTRAINT wellness_faculty_pkey PRIMARY KEY (id);


--
-- Name: wellness_program wellness_program_pkey; Type: CONSTRAINT; Schema: public; Owner: postgres
--

ALTER TABLE ONLY public.wellness_program
    ADD CONSTRAINT wellness_program_pkey PRIMARY KEY (id);


--
-- Name: wellness_program_students wellness_program_students_pkey; Type: CONSTRAINT; Schema: public; Owner: postgres
--

ALTER TABLE ONLY public.wellness_program_students
    ADD CONSTRAINT wellness_program_students_pkey PRIMARY KEY (id);


--
-- Name: wellness_program_students wellness_program_students_program_id_student_id_8c92bd9e_uniq; Type: CONSTRAINT; Schema: public; Owner: postgres
--

ALTER TABLE ONLY public.wellness_program_students
    ADD CONSTRAINT wellness_program_students_program_id_student_id_8c92bd9e_uniq UNIQUE (program_id, student_id);


--
-- Name: wellness_schedule wellness_schedule_pkey; Type: CONSTRAINT; Schema: public; Owner: postgres
--

ALTER TABLE ONLY public.wellness_schedule
    ADD CONSTRAINT wellness_schedule_pkey PRIMARY KEY (id);


--
-- Name: auth_group_name_a6ea08ec_like; Type: INDEX; Schema: public; Owner: postgres
--

CREATE INDEX auth_group_name_a6ea08ec_like ON public.auth_group USING btree (name varchar_pattern_ops);


--
-- Name: auth_group_permissions_group_id_b120cbf9; Type: INDEX; Schema: public; Owner: postgres
--

CREATE INDEX auth_group_permissions_group_id_b120cbf9 ON public.auth_group_permissions USING btree (group_id);


--
-- Name: auth_group_permissions_permission_id_84c5c92e; Type: INDEX; Schema: public; Owner: postgres
--

CREATE INDEX auth_group_permissions_permission_id_84c5c92e ON public.auth_group_permissions USING btree (permission_id);


--
-- Name: auth_permission_content_type_id_2f476e4b; Type: INDEX; Schema: public; Owner: postgres
--

CREATE INDEX auth_permission_content_type_id_2f476e4b ON public.auth_permission USING btree (content_type_id);


--
-- Name: auth_user_groups_group_id_97559544; Type: INDEX; Schema: public; Owner: postgres
--

CREATE INDEX auth_user_groups_group_id_97559544 ON public.auth_user_groups USING btree (group_id);


--
-- Name: auth_user_groups_user_id_6a12ed8b; Type: INDEX; Schema: public; Owner: postgres
--

CREATE INDEX auth_user_groups_user_id_6a12ed8b ON public.auth_user_groups USING btree (user_id);


--
-- Name: auth_user_user_permissions_permission_id_1fbb5f2c; Type: INDEX; Schema: public; Owner: postgres
--

CREATE INDEX auth_user_user_permissions_permission_id_1fbb5f2c ON public.auth_user_user_permissions USING btree (permission_id);


--
-- Name: auth_user_user_permissions_user_id_a95ead1b; Type: INDEX; Schema: public; Owner: postgres
--

CREATE INDEX auth_user_user_permissions_user_id_a95ead1b ON public.auth_user_user_permissions USING btree (user_id);


--
-- Name: auth_user_username_6821ab7c_like; Type: INDEX; Schema: public; Owner: postgres
--

CREATE INDEX auth_user_username_6821ab7c_like ON public.auth_user USING btree (username varchar_pattern_ops);


--
-- Name: django_admin_log_content_type_id_c4bce8eb; Type: INDEX; Schema: public; Owner: postgres
--

CREATE INDEX django_admin_log_content_type_id_c4bce8eb ON public.django_admin_log USING btree (content_type_id);


--
-- Name: django_admin_log_user_id_c564eba6; Type: INDEX; Schema: public; Owner: postgres
--

CREATE INDEX django_admin_log_user_id_c564eba6 ON public.django_admin_log USING btree (user_id);


--
-- Name: django_session_expire_date_a5c62663; Type: INDEX; Schema: public; Owner: postgres
--

CREATE INDEX django_session_expire_date_a5c62663 ON public.django_session USING btree (expire_date);


--
-- Name: django_session_session_key_c0390e0f_like; Type: INDEX; Schema: public; Owner: postgres
--

CREATE INDEX django_session_session_key_c0390e0f_like ON public.django_session USING btree (session_key varchar_pattern_ops);


--
-- Name: users_student_career_id_62a902c7; Type: INDEX; Schema: public; Owner: postgres
--

CREATE INDEX users_student_career_id_62a902c7 ON public.users_student USING btree (career_id);


--
-- Name: wellness_assistance_program_id_c2355086; Type: INDEX; Schema: public; Owner: postgres
--

CREATE INDEX wellness_assistance_program_id_c2355086 ON public.wellness_assistance USING btree (program_id);


--
-- Name: wellness_assistance_student_id_cc5ef806; Type: INDEX; Schema: public; Owner: postgres
--

CREATE INDEX wellness_assistance_student_id_cc5ef806 ON public.wellness_assistance USING btree (student_id);


--
-- Name: wellness_career_faculty_id_0a8124a8; Type: INDEX; Schema: public; Owner: postgres
--

CREATE INDEX wellness_career_faculty_id_0a8124a8 ON public.wellness_career USING btree (faculty_id);


--
-- Name: wellness_program_slug_a1066ee0; Type: INDEX; Schema: public; Owner: postgres
--

CREATE INDEX wellness_program_slug_a1066ee0 ON public.wellness_program USING btree (slug);


--
-- Name: wellness_program_slug_a1066ee0_like; Type: INDEX; Schema: public; Owner: postgres
--

CREATE INDEX wellness_program_slug_a1066ee0_like ON public.wellness_program USING btree (slug varchar_pattern_ops);


--
-- Name: wellness_program_students_program_id_fa5e0305; Type: INDEX; Schema: public; Owner: postgres
--

CREATE INDEX wellness_program_students_program_id_fa5e0305 ON public.wellness_program_students USING btree (program_id);


--
-- Name: wellness_program_students_student_id_a5049a6e; Type: INDEX; Schema: public; Owner: postgres
--

CREATE INDEX wellness_program_students_student_id_a5049a6e ON public.wellness_program_students USING btree (student_id);


--
-- Name: wellness_program_teacher_id_189fd758; Type: INDEX; Schema: public; Owner: postgres
--

CREATE INDEX wellness_program_teacher_id_189fd758 ON public.wellness_program USING btree (teacher_id);


--
-- Name: wellness_schedule_program_id_88d8d342; Type: INDEX; Schema: public; Owner: postgres
--

CREATE INDEX wellness_schedule_program_id_88d8d342 ON public.wellness_schedule USING btree (program_id);


--
-- Name: auth_group_permissions auth_group_permissio_permission_id_84c5c92e_fk_auth_perm; Type: FK CONSTRAINT; Schema: public; Owner: postgres
--

ALTER TABLE ONLY public.auth_group_permissions
    ADD CONSTRAINT auth_group_permissio_permission_id_84c5c92e_fk_auth_perm FOREIGN KEY (permission_id) REFERENCES public.auth_permission(id) DEFERRABLE INITIALLY DEFERRED;


--
-- Name: auth_group_permissions auth_group_permissions_group_id_b120cbf9_fk_auth_group_id; Type: FK CONSTRAINT; Schema: public; Owner: postgres
--

ALTER TABLE ONLY public.auth_group_permissions
    ADD CONSTRAINT auth_group_permissions_group_id_b120cbf9_fk_auth_group_id FOREIGN KEY (group_id) REFERENCES public.auth_group(id) DEFERRABLE INITIALLY DEFERRED;


--
-- Name: auth_permission auth_permission_content_type_id_2f476e4b_fk_django_co; Type: FK CONSTRAINT; Schema: public; Owner: postgres
--

ALTER TABLE ONLY public.auth_permission
    ADD CONSTRAINT auth_permission_content_type_id_2f476e4b_fk_django_co FOREIGN KEY (content_type_id) REFERENCES public.django_content_type(id) DEFERRABLE INITIALLY DEFERRED;


--
-- Name: auth_user_groups auth_user_groups_group_id_97559544_fk_auth_group_id; Type: FK CONSTRAINT; Schema: public; Owner: postgres
--

ALTER TABLE ONLY public.auth_user_groups
    ADD CONSTRAINT auth_user_groups_group_id_97559544_fk_auth_group_id FOREIGN KEY (group_id) REFERENCES public.auth_group(id) DEFERRABLE INITIALLY DEFERRED;


--
-- Name: auth_user_groups auth_user_groups_user_id_6a12ed8b_fk_auth_user_id; Type: FK CONSTRAINT; Schema: public; Owner: postgres
--

ALTER TABLE ONLY public.auth_user_groups
    ADD CONSTRAINT auth_user_groups_user_id_6a12ed8b_fk_auth_user_id FOREIGN KEY (user_id) REFERENCES public.auth_user(id) DEFERRABLE INITIALLY DEFERRED;


--
-- Name: auth_user_user_permissions auth_user_user_permi_permission_id_1fbb5f2c_fk_auth_perm; Type: FK CONSTRAINT; Schema: public; Owner: postgres
--

ALTER TABLE ONLY public.auth_user_user_permissions
    ADD CONSTRAINT auth_user_user_permi_permission_id_1fbb5f2c_fk_auth_perm FOREIGN KEY (permission_id) REFERENCES public.auth_permission(id) DEFERRABLE INITIALLY DEFERRED;


--
-- Name: auth_user_user_permissions auth_user_user_permissions_user_id_a95ead1b_fk_auth_user_id; Type: FK CONSTRAINT; Schema: public; Owner: postgres
--

ALTER TABLE ONLY public.auth_user_user_permissions
    ADD CONSTRAINT auth_user_user_permissions_user_id_a95ead1b_fk_auth_user_id FOREIGN KEY (user_id) REFERENCES public.auth_user(id) DEFERRABLE INITIALLY DEFERRED;


--
-- Name: django_admin_log django_admin_log_content_type_id_c4bce8eb_fk_django_co; Type: FK CONSTRAINT; Schema: public; Owner: postgres
--

ALTER TABLE ONLY public.django_admin_log
    ADD CONSTRAINT django_admin_log_content_type_id_c4bce8eb_fk_django_co FOREIGN KEY (content_type_id) REFERENCES public.django_content_type(id) DEFERRABLE INITIALLY DEFERRED;


--
-- Name: django_admin_log django_admin_log_user_id_c564eba6_fk_auth_user_id; Type: FK CONSTRAINT; Schema: public; Owner: postgres
--

ALTER TABLE ONLY public.django_admin_log
    ADD CONSTRAINT django_admin_log_user_id_c564eba6_fk_auth_user_id FOREIGN KEY (user_id) REFERENCES public.auth_user(id) DEFERRABLE INITIALLY DEFERRED;


--
-- Name: users_student users_student_career_id_62a902c7_fk_wellness_career_id; Type: FK CONSTRAINT; Schema: public; Owner: postgres
--

ALTER TABLE ONLY public.users_student
    ADD CONSTRAINT users_student_career_id_62a902c7_fk_wellness_career_id FOREIGN KEY (career_id) REFERENCES public.wellness_career(id) DEFERRABLE INITIALLY DEFERRED;


--
-- Name: users_student users_student_user_id_dc59cd64_fk_auth_user_id; Type: FK CONSTRAINT; Schema: public; Owner: postgres
--

ALTER TABLE ONLY public.users_student
    ADD CONSTRAINT users_student_user_id_dc59cd64_fk_auth_user_id FOREIGN KEY (user_id) REFERENCES public.auth_user(id) DEFERRABLE INITIALLY DEFERRED;


--
-- Name: users_teacher users_teacher_user_id_bc9e1389_fk_auth_user_id; Type: FK CONSTRAINT; Schema: public; Owner: postgres
--

ALTER TABLE ONLY public.users_teacher
    ADD CONSTRAINT users_teacher_user_id_bc9e1389_fk_auth_user_id FOREIGN KEY (user_id) REFERENCES public.auth_user(id) DEFERRABLE INITIALLY DEFERRED;


--
-- Name: wellness_assistance wellness_assistance_program_id_c2355086_fk_wellness_program_id; Type: FK CONSTRAINT; Schema: public; Owner: postgres
--

ALTER TABLE ONLY public.wellness_assistance
    ADD CONSTRAINT wellness_assistance_program_id_c2355086_fk_wellness_program_id FOREIGN KEY (program_id) REFERENCES public.wellness_program(id) DEFERRABLE INITIALLY DEFERRED;


--
-- Name: wellness_assistance wellness_assistance_student_id_cc5ef806_fk_users_student_id; Type: FK CONSTRAINT; Schema: public; Owner: postgres
--

ALTER TABLE ONLY public.wellness_assistance
    ADD CONSTRAINT wellness_assistance_student_id_cc5ef806_fk_users_student_id FOREIGN KEY (student_id) REFERENCES public.users_student(id) DEFERRABLE INITIALLY DEFERRED;


--
-- Name: wellness_career wellness_career_faculty_id_0a8124a8_fk_wellness_faculty_id; Type: FK CONSTRAINT; Schema: public; Owner: postgres
--

ALTER TABLE ONLY public.wellness_career
    ADD CONSTRAINT wellness_career_faculty_id_0a8124a8_fk_wellness_faculty_id FOREIGN KEY (faculty_id) REFERENCES public.wellness_faculty(id) DEFERRABLE INITIALLY DEFERRED;


--
-- Name: wellness_program_students wellness_program_stu_program_id_fa5e0305_fk_wellness_; Type: FK CONSTRAINT; Schema: public; Owner: postgres
--

ALTER TABLE ONLY public.wellness_program_students
    ADD CONSTRAINT wellness_program_stu_program_id_fa5e0305_fk_wellness_ FOREIGN KEY (program_id) REFERENCES public.wellness_program(id) DEFERRABLE INITIALLY DEFERRED;


--
-- Name: wellness_program_students wellness_program_stu_student_id_a5049a6e_fk_users_stu; Type: FK CONSTRAINT; Schema: public; Owner: postgres
--

ALTER TABLE ONLY public.wellness_program_students
    ADD CONSTRAINT wellness_program_stu_student_id_a5049a6e_fk_users_stu FOREIGN KEY (student_id) REFERENCES public.users_student(id) DEFERRABLE INITIALLY DEFERRED;


--
-- Name: wellness_program wellness_program_teacher_id_189fd758_fk_users_teacher_id; Type: FK CONSTRAINT; Schema: public; Owner: postgres
--

ALTER TABLE ONLY public.wellness_program
    ADD CONSTRAINT wellness_program_teacher_id_189fd758_fk_users_teacher_id FOREIGN KEY (teacher_id) REFERENCES public.users_teacher(id) DEFERRABLE INITIALLY DEFERRED;


--
-- Name: wellness_schedule wellness_schedule_program_id_88d8d342_fk_wellness_program_id; Type: FK CONSTRAINT; Schema: public; Owner: postgres
--

ALTER TABLE ONLY public.wellness_schedule
    ADD CONSTRAINT wellness_schedule_program_id_88d8d342_fk_wellness_program_id FOREIGN KEY (program_id) REFERENCES public.wellness_program(id) DEFERRABLE INITIALLY DEFERRED;


